week_start,student_weeks,valid_c_weeks,C_mean,C_median,C_q25,C_q75,deadline_mean,sleep_loss_mean,stress_mean
2013-03-25,44,38,0.43961732105023993,0.4376743780516159,0.32262845849802374,0.5132730541769444,0.4772727272727273,1.9094193817878027,0.27428115300461103
2013-04-01,44,40,0.5271192459915286,0.509269715791455,0.41583145115753817,0.6105543007716921,1.1136363636363635,2.0441734417344173,0.3200171872880206
2013-04-08,44,39,0.6341186583538541,0.5731225296442688,0.46445178862058656,0.7449651797477884,2.25,2.0129067460317462,0.37634253132414897
2013-04-15,44,34,0.6887628569214247,0.6629650542694022,0.5220920383963863,0.7940429136081311,2.340909090909091,2.018820861678005,0.4237725237725238
2013-04-22,44,24,0.7012675327892719,0.6908761528326746,0.5146103896103897,0.8618283890023021,2.159090909090909,2.02037037037037,0.4792954954245277
2013-04-29,44,26,0.8358652693606927,0.8802936194240543,0.6514328063241107,0.9836956521739131,2.4318181818181817,2.147959183673469,0.5934704743141276
2013-05-06,44,21,0.7106041801876659,0.6383399209486166,0.5415019762845851,0.951251646903821,2.2045454545454546,1.697077922077922,0.46855019785692054
2013-05-13,44,18,0.6778799903799904,0.6426218708827405,0.43372388481084134,0.8079298418972333,2.0454545454545454,1.6615823412698412,0.4700252525252525
2013-05-20,44,17,0.6089350760066873,0.5550065876152832,0.4071146245059289,0.7905138339920947,0.75,2.2607440476190477,0.42971014492753623
2013-05-27,44,9,0.6959787867716256,0.5365363536719037,0.5118577075098814,0.841897233201581,2.2954545454545454,2.7258145363408524,0.44008714596949894
2013-06-03,44,2,0.13339920948616601,0.13339920948616601,0.06669960474308301,0.20009881422924902,0.1590909090909091,0.65,0.0
