uid,week_start,C_scaled,C_raw,stress_norm,sleep_loss_norm,deadline_pressure_norm,stress_score,sleep_hours,sleep_loss,deadline_count,stress_n,sleep_n,component_count
u01,2013-03-25,0.2964426877470356,0.4545454545454545,0.16666666666666666,0.28787878787878785,0.0,0.16666666666666666,6.416666666666667,1.5833333333333333,0.0,6.0,6.0,3
u01,2013-04-01,0.3274985883681536,0.5021645021645021,0.19047619047619047,0.3116883116883117,0.0,0.19047619047619047,6.285714285714286,1.7142857142857142,0.0,7.0,7.0,3
u01,2013-04-08,0.5367024280067758,0.8229437229437229,0.3333333333333333,0.3896103896103896,0.1,0.3333333333333333,5.857142857142857,2.142857142857143,1.0,7.0,7.0,3
u01,2013-04-15,0.44466403162055335,0.6818181818181818,0.2,0.38181818181818183,0.1,0.2,5.9,2.1,1.0,5.0,5.0,3
u01,2013-04-22,0.7480237154150198,1.146969696969697,0.5833333333333333,0.36363636363636365,0.2,0.5833333333333333,6.0,2.0,2.0,4.0,2.0,3
u01,2013-04-29,,,0.8333333333333333,,0.1,0.8333333333333333,,,1.0,2.0,,2
u01,2013-05-06,,,0.3333333333333333,,0.1,0.3333333333333333,,,1.0,1.0,,2
u01,2013-05-13,,,,,0.1,,,,1.0,,,1
u01,2013-05-20,,,,,0.0,,,,0.0,,,1
u01,2013-05-27,,,,,0.1,,,,1.0,,,1
u01,2013-06-03,,,,,0.2,,,,2.0,,,1
u02,2013-03-25,0.2509881422924901,0.38484848484848483,0.06666666666666667,0.3181818181818182,0.0,0.06666666666666667,6.25,1.75,0.0,5.0,6.0,3
u02,2013-04-01,0.48023715415019763,0.7363636363636363,0.3333333333333333,0.30303030303030304,0.1,0.3333333333333333,6.333333333333333,1.6666666666666667,1.0,4.0,6.0,3
u02,2013-04-08,0.5085638998682478,0.7797979797979798,0.38888888888888884,0.29090909090909095,0.1,0.38888888888888884,6.4,1.6,1.0,6.0,5.0,3
u02,2013-04-15,0.4598155467720685,0.7050505050505049,0.27777777777777773,0.22727272727272727,0.2,0.27777777777777773,6.75,1.25,2.0,6.0,2.0,3
u02,2013-04-22,0.5197628458498025,0.796969696969697,0.3333333333333333,0.36363636363636365,0.1,0.3333333333333333,6.0,2.0,1.0,2.0,3.0,3
u02,2013-04-29,0.6492094861660079,0.9954545454545454,0.5833333333333333,0.21212121212121213,0.2,0.5833333333333333,6.833333333333333,1.1666666666666667,2.0,4.0,3.0,3
u02,2013-05-06,,,0.3333333333333333,,0.1,0.3333333333333333,,,1.0,3.0,,2
u02,2013-05-13,,,,0.0,0.2,,8.5,0.0,2.0,,1.0,2
u02,2013-05-20,,,,,0.0,,,,0.0,,,1
u02,2013-05-27,,,,,0.2,,,,2.0,,,1
u02,2013-06-03,,,,,0.0,,,,0.0,,,1
u03,2013-03-25,0.2635046113306983,0.40404040404040403,0.1212121212121212,0.2828282828282828,0.0,0.1212121212121212,6.444444444444445,1.5555555555555556,0.0,11.0,9.0,3
u03,2013-04-01,0.4239130434782609,0.65,0.25,0.4,0.0,0.25,5.8,2.2,0.0,4.0,5.0,3
u03,2013-04-08,0.43412384716732544,0.6656565656565656,0.1111111111111111,0.2545454545454545,0.3,0.1111111111111111,6.6,1.4,3.0,3.0,5.0,3
u03,2013-04-15,0.8280632411067195,1.2696969696969698,0.6666666666666666,0.30303030303030304,0.3,0.6666666666666666,6.333333333333333,1.6666666666666667,3.0,2.0,3.0,3
u03,2013-04-22,0.6393280632411067,0.9803030303030302,0.41666666666666663,0.36363636363636365,0.2,0.41666666666666663,6.0,2.0,2.0,4.0,2.0,3
u03,2013-04-29,0.6936758893280633,1.0636363636363637,0.5,0.36363636363636365,0.2,0.5,6.0,2.0,2.0,4.0,1.0,3
u03,2013-05-06,0.28260869565217395,0.43333333333333335,0.3333333333333333,0.0,0.1,0.3333333333333333,9.5,0.0,1.0,1.0,2.0,3
u03,2013-05-13,,,,,0.1,,,,1.0,,,1
u03,2013-05-20,,,,0.18181818181818182,0.1,,7.0,1.0,1.0,,1.0,2
u03,2013-05-27,,,,,0.2,,,,2.0,,,1
u03,2013-06-03,,,,,0.0,,,,0.0,,,1
u04,2013-03-25,0.4940711462450593,0.7575757575757576,0.3333333333333333,0.42424242424242425,0.0,0.3333333333333333,5.666666666666667,2.3333333333333335,0.0,10.0,9.0,3
u04,2013-04-01,0.6049626701800616,0.9276094276094276,0.5185185185185185,0.4090909090909091,0.0,0.5185185185185185,5.75,2.25,0.0,9.0,10.0,3
u04,2013-04-08,0.6646903820816865,1.0191919191919192,0.5555555555555555,0.36363636363636365,0.1,0.5555555555555555,6.0,2.0,1.0,3.0,5.0,3
u04,2013-04-15,0.7964426877470356,1.2212121212121212,0.6666666666666666,0.45454545454545453,0.1,0.6666666666666666,5.5,2.5,1.0,6.0,5.0,3
u04,2013-04-22,0.738565782044043,1.1324675324675326,0.7142857142857143,0.3181818181818182,0.1,0.7142857142857143,6.25,1.75,1.0,7.0,2.0,3
u04,2013-04-29,0.9841897233201582,1.5090909090909093,1.0,0.4090909090909091,0.1,1.0,5.75,2.25,1.0,4.0,2.0,3
u04,2013-05-06,,,0.6666666666666666,,0.1,0.6666666666666666,,,1.0,4.0,,2
u04,2013-05-13,,,,0.5454545454545454,0.1,,5.0,3.0,1.0,,1.0,2
u04,2013-05-20,,,,,0.0,,,,0.0,,,1
u04,2013-05-27,,,,,0.1,,,,1.0,,,1
u04,2013-06-03,,,,,0.0,,,,0.0,,,1
u05,2013-03-25,0.32707509881422925,0.5015151515151515,0.08333333333333333,0.3181818181818182,0.1,0.08333333333333333,6.25,1.75,1.0,8.0,6.0,3
u05,2013-04-01,,,,,0.1,,,,1.0,,,1
u05,2013-04-08,,,,,0.2,,,,2.0,,,1
u05,2013-04-15,,,,,0.2,,,,2.0,,,1
u05,2013-04-22,,,,,0.1,,,,1.0,,,1
u05,2013-04-29,,,,,0.2,,,,2.0,,,1
u05,2013-05-06,,,,,0.3,,,,3.0,,,1
u05,2013-05-13,,,,,0.2,,,,2.0,,,1
u05,2013-05-20,,,,,0.0,,,,0.0,,,1
u05,2013-05-27,,,,,0.3,,,,3.0,,,1
u05,2013-06-03,,,,,0.0,,,,0.0,,,1
u07,2013-03-25,0.3420164917541229,0.5244252873563218,0.14942528735632182,0.375,0.0,0.14942528735632182,5.9375,2.0625,0.0,29.0,8.0,3
u07,2013-04-01,0.39130434782608703,0.6000000000000001,0.0,0.4,0.2,0.0,5.8,2.2,2.0,8.0,5.0,3
u07,2013-04-08,0.40005646527385663,0.6134199134199134,0.09523809523809523,0.3181818181818182,0.2,0.09523809523809523,6.25,1.75,2.0,7.0,6.0,3
u07,2013-04-15,0.5556182947487296,0.851948051948052,0.14285714285714285,0.4090909090909091,0.3,0.14285714285714285,5.75,2.25,3.0,7.0,2.0,3
u07,2013-04-22,0.3379446640316206,0.5181818181818182,0.0,0.3181818181818182,0.2,0.0,6.25,1.75,2.0,2.0,2.0,3
u07,2013-04-29,,,,0.2727272727272727,0.3,,6.5,1.5,3.0,,1.0,2
u07,2013-05-06,,,,,0.2,,,,2.0,,,1
u07,2013-05-13,,,,,0.3,,,,3.0,,,1
u07,2013-05-20,,,,,0.0,,,,0.0,,,1
u07,2013-05-27,,,,,0.3,,,,3.0,,,1
u07,2013-06-03,,,,,0.0,,,,0.0,,,1
u08,2013-03-25,0.5176974055692591,0.7938026885395306,0.45614035087719296,0.33766233766233766,0.0,0.45614035087719296,6.142857142857143,1.8571428571428572,0.0,19.0,7.0,3
u08,2013-04-01,0.5260681347637869,0.8066378066378066,0.4126984126984127,0.3939393939393939,0.0,0.4126984126984127,5.833333333333333,2.1666666666666665,0.0,21.0,6.0,3
u08,2013-04-08,0.8076416337285903,1.2383838383838384,0.611111111111111,0.32727272727272727,0.3,0.611111111111111,6.2,1.8,3.0,12.0,5.0,3
u08,2013-04-15,0.7842085450781104,1.2024531024531027,0.7777777777777778,0.3246753246753247,0.1,0.7777777777777778,6.214285714285714,1.7857142857142858,1.0,9.0,7.0,3
u08,2013-04-22,0.9049187527448397,1.3875420875420874,0.8148148148148148,0.2727272727272727,0.3,0.8148148148148148,6.5,1.5,3.0,9.0,4.0,3
u08,2013-04-29,0.7391304347826088,1.1333333333333333,0.5,0.3333333333333333,0.3,0.5,6.166666666666667,1.8333333333333333,3.0,14.0,3.0,3
u08,2013-05-06,0.7727272727272727,1.1848484848484848,0.6666666666666666,0.3181818181818182,0.2,0.6666666666666666,6.875,1.75,2.0,3.0,4.0,3
u08,2013-05-13,0.6778656126482214,1.0393939393939393,0.6666666666666666,0.2727272727272727,0.1,0.6666666666666666,6.5,1.5,1.0,1.0,2.0,3
u08,2013-05-20,1.217391304347826,1.8666666666666665,0.6666666666666666,1.0,0.2,0.6666666666666666,2.5,5.5,2.0,2.0,1.0,3
u08,2013-05-27,,,,,0.3,,,,3.0,,,1
u08,2013-06-03,,,,,0.0,,,,0.0,,,1
u09,2013-03-25,0.2503293807641634,0.3838383838383838,0.1111111111111111,0.2727272727272727,0.0,0.1111111111111111,6.5,1.5,0.0,3.0,3.0,3
u09,2013-04-01,,,,,0.0,,,,0.0,,,1
u09,2013-04-08,,,,,0.1,,,,1.0,,,1
u09,2013-04-15,,,,,0.1,,,,1.0,,,1
u09,2013-04-22,,,,,0.1,,,,1.0,,,1
u09,2013-04-29,,,,,0.1,,,,1.0,,,1
u09,2013-05-06,,,,,0.1,,,,1.0,,,1
u09,2013-05-13,,,,,0.1,,,,1.0,,,1
u09,2013-05-20,,,,,0.0,,,,0.0,,,1
u09,2013-05-27,,,,,0.1,,,,1.0,,,1
u09,2013-06-03,,,,,0.0,,,,0.0,,,1
u10,2013-03-25,0.4441862485340746,0.681085581085581,0.2564102564102564,0.3246753246753247,0.1,0.2564102564102564,6.214285714285714,1.7857142857142858,1.0,13.0,7.0,3
u10,2013-04-01,0.42456239412761154,0.6509956709956709,0.21333333333333332,0.33766233766233766,0.1,0.21333333333333332,6.142857142857143,1.8571428571428572,1.0,25.0,7.0,3
u10,2013-04-08,0.40739695087521177,0.6246753246753246,0.19999999999999998,0.3246753246753247,0.1,0.19999999999999998,6.214285714285714,1.7857142857142858,1.0,20.0,7.0,3
u10,2013-04-15,0.5727931488801055,0.8782828282828283,0.3055555555555555,0.2727272727272727,0.3,0.3055555555555555,6.5,1.5,3.0,12.0,5.0,3
u10,2013-04-22,0.4250894033502729,0.6518037518037517,0.20634920634920634,0.34545454545454546,0.1,0.20634920634920634,6.1,1.9,1.0,21.0,5.0,3
u10,2013-04-29,0.5553359683794468,0.8515151515151516,0.3333333333333333,0.3181818181818182,0.2,0.3333333333333333,6.25,1.75,2.0,6.0,6.0,3
u10,2013-05-06,0.5415019762845851,0.8303030303030303,0.3333333333333333,0.19696969696969696,0.3,0.3333333333333333,6.916666666666667,1.0833333333333333,3.0,3.0,6.0,3
u10,2013-05-13,0.3636363636363637,0.5575757575757576,0.26666666666666666,0.09090909090909091,0.2,0.26666666666666666,7.5,0.5,2.0,5.0,2.0,3
u10,2013-05-20,0.05928853754940712,0.09090909090909091,0.0,0.09090909090909091,0.0,0.0,7.5,0.5,0.0,1.0,1.0,3
u10,2013-05-27,,,,0.36363636363636365,0.4,,6.0,2.0,4.0,,1.0,2
u10,2013-06-03,,,,,0.0,,,,0.0,,,1
u12,2013-03-25,0.621870882740448,0.9535353535353535,0.4444444444444444,0.3090909090909091,0.2,0.4444444444444444,6.3,1.7,2.0,6.0,5.0,3
u12,2013-04-01,0.5211744776962168,0.799134199134199,0.38095238095238093,0.3181818181818182,0.1,0.38095238095238093,6.25,1.75,1.0,7.0,6.0,3
u12,2013-04-08,0.6852060982495766,1.0506493506493506,0.4,0.35064935064935066,0.3,0.4,6.071428571428571,1.9285714285714286,3.0,5.0,7.0,3
u12,2013-04-15,0.6370223978919631,0.9767676767676767,0.2222222222222222,0.45454545454545453,0.3,0.2222222222222222,5.5,2.5,3.0,3.0,2.0,3
u12,2013-04-22,,,0.3333333333333333,,0.3,0.3333333333333333,,,3.0,1.0,,2
u12,2013-04-29,1.0553359683794468,1.6181818181818182,1.0,0.3181818181818182,0.3,1.0,6.25,1.75,3.0,2.0,2.0,3
u12,2013-05-06,,,0.3333333333333333,,0.3,0.3333333333333333,,,3.0,5.0,,2
u12,2013-05-13,,,,0.0,0.2,,8.0,0.0,2.0,,1.0,2
u12,2013-05-20,0.6304347826086956,0.9666666666666666,0.6666666666666666,0.0,0.3,0.6666666666666666,8.0,0.0,3.0,1.0,1.0,3
u12,2013-05-27,,,,0.0,0.4,,8.0,0.0,4.0,,1.0,2
u12,2013-06-03,,,,0.0,0.0,,8.0,0.0,0.0,,1.0,2
u13,2013-03-25,,,,,0.0,,,,0.0,,,1
u13,2013-04-01,,,,,0.1,,,,1.0,,,1
u13,2013-04-08,,,,0.2727272727272727,0.2,,6.5,1.5,2.0,,1.0,2
u13,2013-04-15,,,,,0.1,,,,1.0,,,1
u13,2013-04-22,,,,,0.2,,,,2.0,,,1
u13,2013-04-29,,,,,0.1,,,,1.0,,,1
u13,2013-05-06,,,,,0.1,,,,1.0,,,1
u13,2013-05-13,,,,,0.1,,,,1.0,,,1
u13,2013-05-20,,,,,0.0,,,,0.0,,,1
u13,2013-05-27,,,,,0.2,,,,2.0,,,1
u13,2013-06-03,,,,,0.0,,,,0.0,,,1
u14,2013-03-25,0.4868247694334651,0.7464646464646464,0.2222222222222222,0.42424242424242425,0.1,0.2222222222222222,5.666666666666667,2.3333333333333335,1.0,6.0,3.0,3
u14,2013-04-01,0.8089591567852437,1.2404040404040402,0.6666666666666666,0.3737373737373737,0.2,0.6666666666666666,5.944444444444445,2.0555555555555554,2.0,7.0,9.0,3
u14,2013-04-08,0.9446640316205533,1.4484848484848483,0.6666666666666666,0.38181818181818183,0.4,0.6666666666666666,5.9,2.1,4.0,8.0,5.0,3
u14,2013-04-15,0.8972332015810278,1.3757575757575757,0.6666666666666666,0.3090909090909091,0.4,0.6666666666666666,6.3,1.7,4.0,6.0,5.0,3
u14,2013-04-22,0.8320158102766798,1.2757575757575756,0.6666666666666666,0.4090909090909091,0.2,0.6666666666666666,5.75,2.25,2.0,1.0,2.0,3
u14,2013-04-29,1.0849802371541504,1.6636363636363636,0.8,0.36363636363636365,0.5,0.8,6.0,2.0,5.0,5.0,4.0,3
u14,2013-05-06,0.9901185770750988,1.518181818181818,1.0,0.3181818181818182,0.2,1.0,6.25,1.75,2.0,3.0,2.0,3
u14,2013-05-13,,,,,0.1,,,,1.0,,,1
u14,2013-05-20,,,1.0,,0.1,1.0,,,1.0,1.0,,2
u14,2013-05-27,,,,,0.2,,,,2.0,,,1
u14,2013-06-03,,,,,0.1,,,,1.0,,,1
u15,2013-03-25,0.3715415019762846,0.5696969696969697,0.26666666666666666,0.30303030303030304,0.0,0.26666666666666666,6.333333333333333,1.6666666666666667,0.0,5.0,3.0,3
u15,2013-04-01,0.6719367588932808,1.0303030303030303,0.6666666666666666,0.36363636363636365,0.0,0.6666666666666666,6.0,2.0,0.0,2.0,4.0,3
u15,2013-04-08,0.4703557312252964,0.7212121212121211,0.3333333333333333,0.28787878787878785,0.1,0.3333333333333333,6.416666666666667,1.5833333333333333,1.0,1.0,6.0,3
u15,2013-04-15,0.5049407114624506,0.7742424242424242,0.3333333333333333,0.3409090909090909,0.1,0.3333333333333333,6.125,1.875,1.0,2.0,4.0,3
u15,2013-04-22,,,,0.2727272727272727,0.2,,6.5,1.5,2.0,,1.0,2
u15,2013-04-29,,,,,0.3,,,,3.0,,,1
u15,2013-05-06,,,,,0.1,,,,1.0,,,1
u15,2013-05-13,,,,,0.2,,,,2.0,,,1
u15,2013-05-20,,,,,0.2,,,,2.0,,,1
u15,2013-05-27,,,,0.6363636363636364,0.1,,4.5,3.5,1.0,,1.0,2
u15,2013-06-03,,,,,0.0,,,,0.0,,,1
u16,2013-03-25,0.43393562958780346,0.6653679653679653,0.26666666666666666,0.2987012987012987,0.1,0.26666666666666666,6.357142857142857,1.6428571428571428,1.0,5.0,7.0,3
u16,2013-04-01,0.3915866741953699,0.6004329004329004,0.26666666666666666,0.2337662337662338,0.1,0.26666666666666666,6.714285714285714,1.2857142857142858,1.0,10.0,7.0,3
u16,2013-04-08,0.7286529895225548,1.1172679172679172,0.5925925925925926,0.3246753246753247,0.2,0.5925925925925926,6.214285714285714,1.7857142857142858,2.0,18.0,7.0,3
u16,2013-04-15,0.7868435911914173,1.2064935064935065,0.6428571428571429,0.36363636363636365,0.2,0.6428571428571429,6.0,2.0,2.0,14.0,7.0,3
u16,2013-04-22,0.8805759457933373,1.3502164502164504,0.9047619047619048,0.34545454545454546,0.1,0.9047619047619048,6.1,1.9,1.0,7.0,5.0,3
u16,2013-04-29,0.8337097684923773,1.2783549783549784,0.6666666666666666,0.3116883116883117,0.3,0.6666666666666666,6.285714285714286,1.7142857142857142,3.0,13.0,7.0,3
u16,2013-05-06,0.629493694711086,0.9652236652236651,0.6444444444444444,0.22077922077922077,0.1,0.6444444444444444,6.785714285714286,1.2142857142857142,1.0,15.0,7.0,3
u16,2013-05-13,0.4209486166007905,0.6454545454545454,0.3939393939393939,0.15151515151515152,0.1,0.3939393939393939,7.5,0.8333333333333334,1.0,11.0,6.0,3
u16,2013-05-20,0.6128129117259552,0.9396464646464645,0.5555555555555555,0.2840909090909091,0.1,0.5555555555555555,6.5625,1.5625,1.0,12.0,8.0,3
u16,2013-05-27,1.0434782608695654,1.6,1.0,0.5,0.1,1.0,5.5,2.75,1.0,2.0,4.0,3
u16,2013-06-03,,,,,0.1,,,,1.0,,,1
u17,2013-03-25,0.5869565217391305,0.9,0.5,0.4,0.0,0.5,5.8,2.2,0.0,2.0,5.0,3
u17,2013-04-01,,,,0.4090909090909091,0.0,,5.75,2.25,0.0,,2.0,2
u17,2013-04-08,1.1251646903820816,1.725252525252525,1.0,0.5252525252525252,0.2,1.0,5.111111111111111,2.888888888888889,2.0,2.0,9.0,3
u17,2013-04-15,1.0072463768115942,1.5444444444444445,0.9090909090909091,0.5353535353535354,0.1,0.9090909090909091,5.055555555555555,2.9444444444444446,1.0,11.0,9.0,3
u17,2013-04-22,1.1679841897233203,1.7909090909090908,1.0,0.5909090909090909,0.2,1.0,4.75,3.25,2.0,2.0,2.0,3
u17,2013-04-29,1.158102766798419,1.7757575757575756,1.0,0.5757575757575757,0.2,1.0,4.833333333333333,3.1666666666666665,2.0,5.0,3.0,3
u17,2013-05-06,1.2509881422924904,1.9181818181818184,1.0,0.8181818181818182,0.1,1.0,3.5,4.5,1.0,7.0,2.0,3
u17,2013-05-13,1.191699604743083,1.8272727272727274,1.0,0.7272727272727273,0.1,1.0,4.0,4.0,1.0,4.0,5.0,3
u17,2013-05-20,1.2509881422924904,1.9181818181818184,1.0,0.8181818181818182,0.1,1.0,3.5,4.5,1.0,6.0,1.0,3
u17,2013-05-27,0.841897233201581,1.2909090909090908,1.0,0.09090909090909091,0.2,1.0,7.5,0.5,2.0,3.0,1.0,3
u17,2013-06-03,,,,,0.0,,,,0.0,,,1
u18,2013-03-25,0.2700922266139658,0.41414141414141414,0.1111111111111111,0.30303030303030304,0.0,0.1111111111111111,6.333333333333333,1.6666666666666667,0.0,3.0,6.0,3
u18,2013-04-01,0.6273291925465838,0.9619047619047618,0.3333333333333333,0.4285714285714286,0.2,0.3333333333333333,5.642857142857143,2.357142857142857,2.0,3.0,7.0,3
u18,2013-04-08,0.7010163749294184,1.0748917748917748,0.3333333333333333,0.44155844155844154,0.3,0.3333333333333333,5.571428571428571,2.4285714285714284,3.0,3.0,7.0,3
u18,2013-04-15,0.7687747035573124,1.178787878787879,0.5,0.37878787878787884,0.3,0.5,5.916666666666667,2.0833333333333335,3.0,4.0,6.0,3
u18,2013-04-22,,,1.0,,0.3,1.0,,,3.0,1.0,,2
u18,2013-04-29,1.2391304347826086,1.9,1.0,0.5,0.4,1.0,5.25,2.75,4.0,2.0,2.0,3
u18,2013-05-06,,,,,0.2,,,,2.0,,,1
u18,2013-05-13,,,,0.2727272727272727,0.3,,6.5,1.5,3.0,,1.0,2
u18,2013-05-20,,,,1.0,0.1,,2.5,5.5,1.0,,1.0,2
u18,2013-05-27,,,,1.0,0.3,,2.5,5.5,3.0,,1.0,2
u18,2013-06-03,,,,,0.0,,,,0.0,,,1
u19,2013-03-25,0.47529644268774707,0.7287878787878788,0.3333333333333333,0.29545454545454547,0.1,0.3333333333333333,6.375,1.625,1.0,9.0,4.0,3
u19,2013-04-01,0.7101449275362319,1.0888888888888888,0.5151515151515151,0.3737373737373737,0.2,0.5151515151515151,5.944444444444445,2.0555555555555554,2.0,11.0,9.0,3
u19,2013-04-08,0.7527762092979483,1.154256854256854,0.5555555555555555,0.2987012987012987,0.3,0.5555555555555555,6.357142857142857,1.6428571428571428,3.0,12.0,7.0,3
u19,2013-04-15,0.8616600790513835,1.3212121212121213,0.5757575757575757,0.34545454545454546,0.4,0.5757575757575757,6.1,1.9,4.0,11.0,5.0,3
u19,2013-04-22,0.7374835309617918,1.1308080808080807,0.4444444444444444,0.38636363636363635,0.3,0.4444444444444444,5.875,2.125,3.0,3.0,4.0,3
u19,2013-04-29,0.9451581027667986,1.4492424242424242,0.625,0.42424242424242425,0.4,0.625,5.666666666666667,2.3333333333333335,4.0,8.0,6.0,3
u19,2013-05-06,0.7604303908651735,1.165993265993266,0.6296296296296295,0.13636363636363635,0.4,0.6296296296296295,7.25,0.75,4.0,9.0,4.0,3
u19,2013-05-13,0.7208498023715415,1.1053030303030302,0.5666666666666667,0.23863636363636365,0.3,0.5666666666666667,6.875,1.3125,3.0,10.0,8.0,3
u19,2013-05-20,0.27009222661396576,0.4141414141414141,0.3777777777777777,0.03636363636363637,0.0,0.3777777777777777,7.9,0.2,0.0,15.0,5.0,3
u19,2013-05-27,0.5118577075098814,0.7848484848484848,0.0,0.4848484848484848,0.3,0.0,5.833333333333333,2.6666666666666665,3.0,3.0,3.0,3
u19,2013-06-03,,,,,0.0,,,,0.0,,,1
u20,2013-03-25,0.3458498023715415,0.5303030303030303,0.16666666666666666,0.36363636363636365,0.0,0.16666666666666666,6.0,2.0,0.0,4.0,2.0,3
u20,2013-04-01,0.5237154150197628,0.803030303030303,0.3333333333333333,0.4696969696969697,0.0,0.3333333333333333,5.416666666666667,2.5833333333333335,0.0,4.0,6.0,3
u20,2013-04-08,0.758893280632411,1.1636363636363636,0.5,0.36363636363636365,0.3,0.5,6.0,2.0,3.0,2.0,4.0,3
u20,2013-04-15,,,,,0.3,,,,3.0,,,1
u20,2013-04-22,,,,,0.2,,,,2.0,,,1
u20,2013-04-29,,,,,0.2,,,,2.0,,,1
u20,2013-05-06,,,,,0.1,,,,1.0,,,1
u20,2013-05-13,,,,,0.1,,,,1.0,,,1
u20,2013-05-20,,,,,0.1,,,,1.0,,,1
u20,2013-05-27,,,,,0.2,,,,2.0,,,1
u20,2013-06-03,,,,,0.0,,,,0.0,,,1
u22,2013-03-25,0.5,0.7666666666666666,0.3333333333333333,0.3333333333333333,0.1,0.3333333333333333,6.166666666666667,1.8333333333333333,1.0,15.0,6.0,3
u22,2013-04-01,0.3814229249011858,0.5848484848484848,0.2121212121212121,0.2727272727272727,0.1,0.2121212121212121,6.5,1.5,1.0,11.0,5.0,3
u22,2013-04-08,0.3517786561264822,0.5393939393939393,0.16666666666666666,0.2727272727272727,0.1,0.16666666666666666,6.5,1.5,1.0,14.0,5.0,3
u22,2013-04-15,0.43922924901185767,0.6734848484848485,0.29166666666666663,0.18181818181818182,0.2,0.29166666666666663,7.0,1.0,2.0,8.0,1.0,3
u22,2013-04-22,,,0.0,,0.1,0.0,,,1.0,1.0,,2
u22,2013-04-29,,,,0.2727272727272727,0.2,,6.5,1.5,2.0,,1.0,2
u22,2013-05-06,0.18972332015810275,0.2909090909090909,0.0,0.09090909090909091,0.2,0.0,7.5,0.5,2.0,4.0,1.0,3
u22,2013-05-13,0.34782608695652173,0.5333333333333333,0.3333333333333333,0.0,0.2,0.3333333333333333,10.0,0.0,2.0,1.0,1.0,3
u22,2013-05-20,,,0.0,,0.0,0.0,,,0.0,1.0,,2
u22,2013-05-27,,,,,0.2,,,,2.0,,,1
u22,2013-06-03,,,,,0.0,,,,0.0,,,1
u23,2013-03-25,0.36890645586297754,0.5656565656565655,0.31111111111111106,0.2545454545454545,0.0,0.31111111111111106,6.6,1.4,0.0,15.0,5.0,3
u23,2013-04-01,0.4272466663771012,0.655111555111555,0.2564102564102564,0.2987012987012987,0.1,0.2564102564102564,6.357142857142857,1.6428571428571428,1.0,13.0,7.0,3
u23,2013-04-08,0.5355731225296442,0.8212121212121211,0.3333333333333333,0.28787878787878785,0.2,0.3333333333333333,6.416666666666667,1.5833333333333333,2.0,9.0,6.0,3
u23,2013-04-15,0.49011857707509876,0.7515151515151515,0.3333333333333333,0.3181818181818182,0.1,0.3333333333333333,6.25,1.75,1.0,4.0,4.0,3
u23,2013-04-22,0.6442687747035574,0.9878787878787878,0.3333333333333333,0.45454545454545453,0.2,0.3333333333333333,5.5,2.5,2.0,1.0,1.0,3
u23,2013-04-29,,,0.3333333333333333,,0.1,0.3333333333333333,,,1.0,2.0,,2
u23,2013-05-06,,,,,0.1,,,,1.0,,,1
u23,2013-05-13,,,,,0.1,,,,1.0,,,1
u23,2013-05-20,,,,,0.0,,,,0.0,,,1
u23,2013-05-27,,,,,0.2,,,,2.0,,,1
u23,2013-06-03,,,,,0.0,,,,0.0,,,1
u24,2013-03-25,0.5296442687747035,0.812121212121212,0.4666666666666666,0.34545454545454546,0.0,0.4666666666666666,6.1,1.9,0.0,10.0,5.0,3
u24,2013-04-01,0.46894409937888204,0.719047619047619,0.3333333333333333,0.2857142857142857,0.1,0.3333333333333333,6.428571428571429,1.5714285714285714,1.0,6.0,7.0,3
u24,2013-04-08,0.7172772879294619,1.0998251748251748,0.5384615384615384,0.26136363636363635,0.3,0.5384615384615384,6.5625,1.4375,3.0,13.0,8.0,3
u24,2013-04-15,0.7299077733860342,1.119191919191919,0.5555555555555555,0.36363636363636365,0.2,0.5555555555555555,6.0,2.0,2.0,3.0,1.0,3
u24,2013-04-22,,,,,0.2,,,,2.0,,,1
u24,2013-04-29,,,0.6666666666666666,,0.3,0.6666666666666666,,,3.0,1.0,,2
u24,2013-05-06,,,,,0.2,,,,2.0,,,1
u24,2013-05-13,0.6946640316205535,1.0651515151515152,0.5833333333333333,0.18181818181818182,0.3,0.5833333333333333,7.0,1.0,3.0,4.0,1.0,3
u24,2013-05-20,0.7905138339920947,1.212121212121212,0.6666666666666666,0.5454545454545454,0.0,0.6666666666666666,5.0,3.0,0.0,2.0,1.0,3
u24,2013-05-27,,,,,0.3,,,,3.0,,,1
u24,2013-06-03,,,,,0.0,,,,0.0,,,1
u25,2013-03-25,0.23517786561264825,0.3606060606060606,0.13333333333333333,0.22727272727272727,0.0,0.13333333333333333,6.75,1.25,0.0,5.0,2.0,3
u25,2013-04-01,0.352437417654809,0.5404040404040404,0.2222222222222222,0.3181818181818182,0.0,0.2222222222222222,6.25,1.75,0.0,9.0,6.0,3
u25,2013-04-08,0.6646903820816865,1.0191919191919192,0.5555555555555555,0.36363636363636365,0.1,0.5555555555555555,6.0,2.0,1.0,3.0,5.0,3
u25,2013-04-15,0.5329380764163373,0.8171717171717171,0.4444444444444444,0.2727272727272727,0.1,0.4444444444444444,6.5,1.5,1.0,3.0,1.0,3
u25,2013-04-22,,,,0.45454545454545453,0.1,,5.5,2.5,1.0,,1.0,2
u25,2013-04-29,,,,,0.2,,,,2.0,,,1
u25,2013-05-06,,,,,0.1,,,,1.0,,,1
u25,2013-05-13,,,,,0.1,,,,1.0,,,1
u25,2013-05-20,,,,,0.0,,,,0.0,,,1
u25,2013-05-27,,,,,0.2,,,,2.0,,,1
u25,2013-06-03,,,,,0.2,,,,2.0,,,1
u27,2013-03-25,0.6245059288537549,0.9575757575757575,0.5333333333333333,0.42424242424242425,0.0,0.5333333333333333,5.666666666666667,2.3333333333333335,0.0,5.0,3.0,3
u27,2013-04-01,0.558300395256917,0.856060606060606,0.3333333333333333,0.5227272727272727,0.0,0.3333333333333333,5.125,2.875,0.0,5.0,4.0,3
u27,2013-04-08,1.2865612648221345,1.9727272727272727,1.0,0.7727272727272727,0.2,1.0,3.75,4.25,2.0,2.0,2.0,3
u27,2013-04-15,0.9204545454545454,1.4113636363636362,0.625,0.38636363636363635,0.4,0.625,6.0,2.125,4.0,8.0,4.0,3
u27,2013-04-22,,,0.16666666666666666,,0.2,0.16666666666666666,,,2.0,2.0,,2
u27,2013-04-29,0.9268774703557313,1.4212121212121211,0.6666666666666666,0.45454545454545453,0.3,0.6666666666666666,5.5,2.5,3.0,1.0,1.0,3
u27,2013-05-06,,,0.16666666666666666,,0.3,0.16666666666666666,,,3.0,2.0,,2
u27,2013-05-13,,,,,0.2,,,,2.0,,,1
u27,2013-05-20,,,,0.7272727272727273,0.2,,4.0,4.0,2.0,,1.0,2
u27,2013-05-27,,,,,0.2,,,,2.0,,,1
u27,2013-06-03,,,,,0.0,,,,0.0,,,1
u30,2013-03-25,0.46809712027103334,0.7177489177489178,0.19047619047619047,0.32727272727272727,0.2,0.19047619047619047,6.2,1.8,2.0,7.0,5.0,3
u30,2013-04-01,0.4607566346696782,0.7064935064935065,0.14285714285714285,0.36363636363636365,0.2,0.14285714285714285,6.0,2.0,2.0,7.0,7.0,3
u30,2013-04-08,0.3421795595708639,0.5246753246753246,0.0,0.3246753246753247,0.2,0.0,6.214285714285714,1.7857142857142858,2.0,4.0,7.0,3
u30,2013-04-15,0.7108977978543197,1.0900432900432901,0.38095238095238093,0.4090909090909091,0.3,0.38095238095238093,5.75,2.25,3.0,7.0,6.0,3
u30,2013-04-22,0.4104084321475626,0.6292929292929292,0.1111111111111111,0.3181818181818182,0.2,0.1111111111111111,6.25,1.75,2.0,3.0,4.0,3
u30,2013-04-29,0.5711462450592886,0.8757575757575757,0.16666666666666666,0.4090909090909091,0.3,0.16666666666666666,5.75,2.25,3.0,2.0,4.0,3
u30,2013-05-06,,,,0.18181818181818182,0.3,,7.0,1.0,3.0,,1.0,2
u30,2013-05-13,,,,,0.3,,,,3.0,,,1
u30,2013-05-20,,,,,0.2,,,,2.0,,,1
u30,2013-05-27,,,,,0.4,,,,4.0,,,1
u30,2013-06-03,,,,,0.0,,,,0.0,,,1
u31,2013-03-25,0.5879446640316206,0.9015151515151516,0.3333333333333333,0.5681818181818182,0.0,0.3333333333333333,4.875,3.125,0.0,3.0,4.0,3
u31,2013-04-01,0.48221343873517786,0.7393939393939394,0.16666666666666666,0.4727272727272727,0.1,0.16666666666666666,5.4,2.6,1.0,4.0,5.0,3
u31,2013-04-08,0.4703557312252965,0.7212121212121212,0.16666666666666666,0.45454545454545453,0.1,0.16666666666666666,5.5,2.5,1.0,2.0,2.0,3
u31,2013-04-15,,,0.3333333333333333,,0.2,0.3333333333333333,,,2.0,3.0,,2
u31,2013-04-22,,,,,0.1,,,,1.0,,,1
u31,2013-04-29,,,,,0.2,,,,2.0,,,1
u31,2013-05-06,,,,,0.1,,,,1.0,,,1
u31,2013-05-13,,,,,0.2,,,,2.0,,,1
u31,2013-05-20,,,,,0.0,,,,0.0,,,1
u31,2013-05-27,,,,,0.2,,,,2.0,,,1
u31,2013-06-03,,,,,0.0,,,,0.0,,,1
u32,2013-03-25,0.3023715415019763,0.4636363636363636,0.0,0.36363636363636365,0.1,0.0,6.0,2.0,1.0,3.0,1.0,3
u32,2013-04-01,0.3683924770881293,0.5648684648684649,0.20512820512820512,0.25974025974025977,0.1,0.20512820512820512,6.571428571428571,1.4285714285714286,1.0,13.0,7.0,3
u32,2013-04-08,0.4585478460158767,0.7031066972243443,0.0784313725490196,0.3246753246753247,0.3,0.0784313725490196,6.214285714285714,1.7857142857142858,3.0,17.0,7.0,3
u32,2013-04-15,0.5118577075098814,0.7848484848484848,0.2121212121212121,0.2727272727272727,0.3,0.2121212121212121,6.5,1.5,3.0,11.0,6.0,3
u32,2013-04-22,0.4991530208921513,0.7653679653679653,0.16666666666666666,0.2987012987012987,0.3,0.16666666666666666,6.357142857142857,1.6428571428571428,3.0,8.0,7.0,3
u32,2013-04-29,0.4295125164690383,0.6585858585858586,0.2222222222222222,0.23636363636363636,0.2,0.2222222222222222,6.7,1.3,2.0,3.0,5.0,3
u32,2013-05-06,0.6363636363636364,0.9757575757575757,0.3333333333333333,0.2424242424242424,0.4,0.3333333333333333,6.666666666666667,1.3333333333333333,4.0,5.0,3.0,3
u32,2013-05-13,0.6370223978919631,0.9767676767676767,0.2222222222222222,0.45454545454545453,0.3,0.2222222222222222,5.9,2.5,3.0,3.0,5.0,3
u32,2013-05-20,0.4071146245059289,0.6242424242424243,0.3333333333333333,0.09090909090909091,0.2,0.3333333333333333,8.0,0.5,2.0,2.0,3.0,3
u32,2013-05-27,0.3438735177865613,0.5272727272727272,0.0,0.22727272727272727,0.3,0.0,7.0,1.25,3.0,1.0,2.0,3
u32,2013-06-03,,,,0.0,0.0,,8.5,0.0,0.0,,1.0,2
u33,2013-03-25,0.33102766798418976,0.5075757575757576,0.16666666666666666,0.3409090909090909,0.0,0.16666666666666666,6.125,1.875,0.0,4.0,4.0,3
u33,2013-04-01,0.6386222473178995,0.9792207792207792,0.47619047619047616,0.30303030303030304,0.2,0.47619047619047616,6.333333333333333,1.6666666666666667,2.0,7.0,6.0,3
u33,2013-04-08,0.37223901418274824,0.5707664884135473,0.0980392156862745,0.2727272727272727,0.2,0.0980392156862745,6.5,1.5,2.0,17.0,7.0,3
u33,2013-04-15,0.5880858272162621,0.9017316017316017,0.23809523809523808,0.36363636363636365,0.3,0.23809523809523808,6.25,2.0,3.0,7.0,6.0,3
u33,2013-04-22,,,,0.4090909090909091,0.4,,5.75,2.25,4.0,,6.0,2
u33,2013-04-29,0.9822134387351777,1.5060606060606059,0.8333333333333333,0.2727272727272727,0.4,0.8333333333333333,6.5,1.5,4.0,8.0,1.0,3
u33,2013-05-06,1.090909090909091,1.6727272727272728,1.0,0.2727272727272727,0.4,1.0,7.0,1.5,4.0,5.0,5.0,3
u33,2013-05-13,1.5,2.3,1.0,1.0,0.3,1.0,2.5,5.5,3.0,6.0,1.0,3
u33,2013-05-20,0.9565217391304348,1.4666666666666666,0.6666666666666666,0.5,0.3,0.6666666666666666,5.25,2.75,3.0,3.0,2.0,3
u33,2013-05-27,1.2826086956521738,1.9666666666666666,0.6666666666666666,1.0,0.3,0.6666666666666666,2.5,5.5,3.0,1.0,1.0,3
u33,2013-06-03,,,,,0.0,,,,0.0,,,1
u34,2013-03-25,0.23715415019762848,0.36363636363636365,0.0,0.36363636363636365,0.0,0.0,6.0,2.0,0.0,1.0,1.0,3
u34,2013-04-01,0.43247694334650866,0.6631313131313131,0.2222222222222222,0.3409090909090909,0.1,0.2222222222222222,6.125,1.875,1.0,3.0,4.0,3
u34,2013-04-08,,,,,0.2,,,,2.0,,,1
u34,2013-04-15,,,0.3333333333333333,,0.1,0.3333333333333333,,,1.0,1.0,,2
u34,2013-04-22,,,,,0.2,,,,2.0,,,1
u34,2013-04-29,0.6383399209486166,0.9787878787878787,0.3333333333333333,0.5454545454545454,0.1,0.3333333333333333,5.0,3.0,1.0,1.0,1.0,3
u34,2013-05-06,,,,,0.1,,,,1.0,,,1
u34,2013-05-13,,,,0.36363636363636365,0.1,,6.0,2.0,1.0,,1.0,2
u34,2013-05-20,,,,,0.0,,,,0.0,,,1
u34,2013-05-27,,,,,0.2,,,,2.0,,,1
u34,2013-06-03,,,,,0.0,,,,0.0,,,1
u35,2013-03-25,0.32114624505928857,0.49242424242424243,0.08333333333333333,0.4090909090909091,0.0,0.08333333333333333,5.75,2.25,0.0,4.0,2.0,3
u35,2013-04-01,0.43675889328063244,0.6696969696969697,0.13333333333333333,0.43636363636363634,0.1,0.13333333333333333,5.6,2.4,1.0,10.0,5.0,3
u35,2013-04-08,0.40005646527385663,0.6134199134199134,0.16666666666666666,0.24675324675324675,0.2,0.16666666666666666,6.642857142857143,1.3571428571428572,2.0,6.0,7.0,3
u35,2013-04-15,0.5508187464709204,0.8445887445887446,0.38095238095238093,0.36363636363636365,0.1,0.38095238095238093,6.0,2.0,1.0,7.0,4.0,3
u35,2013-04-22,,,1.0,,0.2,1.0,,,2.0,1.0,,2
u35,2013-04-29,0.6581027667984192,1.0090909090909093,0.5,0.4090909090909091,0.1,0.5,5.75,2.25,1.0,4.0,4.0,3
u35,2013-05-06,0.5922266139657444,0.908080808080808,0.4444444444444444,0.36363636363636365,0.1,0.4444444444444444,6.0,2.0,1.0,3.0,2.0,3
u35,2013-05-13,,,0.3333333333333333,,0.1,0.3333333333333333,,,1.0,1.0,,2
u35,2013-05-20,,,0.3333333333333333,,0.0,0.3333333333333333,,,0.0,3.0,,2
u35,2013-05-27,,,,0.6363636363636364,0.2,,4.5,3.5,2.0,,1.0,2
u35,2013-06-03,,,,,0.0,,,,0.0,,,1
u41,2013-03-25,0.658102766798419,1.009090909090909,0.6666666666666666,0.2424242424242424,0.1,0.6666666666666666,6.666666666666667,1.3333333333333333,1.0,1.0,3.0,3
u41,2013-04-01,0.658102766798419,1.009090909090909,0.6666666666666666,0.2424242424242424,0.1,0.6666666666666666,6.666666666666667,1.3333333333333333,1.0,2.0,3.0,3
u41,2013-04-08,0.7371541501976285,1.1303030303030304,0.6666666666666666,0.36363636363636365,0.1,0.6666666666666666,6.0,2.0,1.0,3.0,6.0,3
u41,2013-04-15,,,0.3333333333333333,,0.2,0.3333333333333333,,,2.0,1.0,,2
u41,2013-04-22,0.46047430830039526,0.7060606060606059,0.3333333333333333,0.2727272727272727,0.1,0.3333333333333333,6.5,1.5,1.0,1.0,1.0,3
u41,2013-04-29,,,0.8333333333333333,,0.2,0.8333333333333333,,,2.0,2.0,,2
u41,2013-05-06,1.0790513833992095,1.6545454545454545,1.0,0.45454545454545453,0.2,1.0,5.5,2.5,2.0,1.0,1.0,3
u41,2013-05-13,,,,,0.2,,,,2.0,,,1
u41,2013-05-20,,,,,0.0,,,,0.0,,,1
u41,2013-05-27,,,,,0.2,,,,2.0,,,1
u41,2013-06-03,,,,,0.0,,,,0.0,,,1
u42,2013-03-25,,,,,0.0,,,,0.0,,,1
u42,2013-04-01,0.35617039964866054,0.5461279461279461,0.037037037037037035,0.4090909090909091,0.1,0.037037037037037035,5.75,2.25,1.0,9.0,4.0,3
u42,2013-04-08,0.5276679841897234,0.8090909090909091,0.2,0.4090909090909091,0.2,0.2,5.75,2.25,2.0,5.0,2.0,3
u42,2013-04-15,,,,0.5,0.1,,5.25,2.75,1.0,,2.0,2
u42,2013-04-22,,,0.16666666666666666,,0.2,0.16666666666666666,,,2.0,2.0,,2
u42,2013-04-29,,,0.3333333333333333,,0.1,0.3333333333333333,,,1.0,2.0,,2
u42,2013-05-06,,,0.4444444444444444,,0.1,0.4444444444444444,,,1.0,3.0,,2
u42,2013-05-13,0.2562582345191041,0.3929292929292929,0.1111111111111111,0.18181818181818182,0.1,0.1111111111111111,7.5,1.0,1.0,6.0,4.0,3
u42,2013-05-20,,,0.0,,0.0,0.0,,,0.0,2.0,,2
u42,2013-05-27,,,,0.8636363636363636,0.2,,3.25,4.75,2.0,,2.0,2
u42,2013-06-03,,,,,0.0,,,,0.0,,,1
u44,2013-03-25,,,,,0.0,,,,0.0,,,1
u44,2013-04-01,0.36001317523056653,0.552020202020202,0.1111111111111111,0.3409090909090909,0.1,0.1111111111111111,6.125,1.875,1.0,15.0,8.0,3
u44,2013-04-08,0.5466897233201581,0.8382575757575756,0.35416666666666663,0.2840909090909091,0.2,0.35416666666666663,6.4375,1.5625,2.0,16.0,8.0,3
u44,2013-04-15,0.5184766923897359,0.7949975949975949,0.2962962962962963,0.2987012987012987,0.2,0.2962962962962963,6.357142857142857,1.6428571428571428,2.0,9.0,7.0,3
u44,2013-04-22,0.5426312817617165,0.8320346320346319,0.3333333333333333,0.2987012987012987,0.2,0.3333333333333333,6.357142857142857,1.6428571428571428,2.0,8.0,7.0,3
u44,2013-04-29,0.6357989836250706,0.9748917748917749,0.5151515151515151,0.25974025974025977,0.2,0.5151515151515151,6.571428571428571,1.4285714285714286,2.0,11.0,7.0,3
u44,2013-05-06,0.4155844155844156,0.6372294372294371,0.3333333333333333,0.10389610389610389,0.2,0.3333333333333333,7.785714285714286,0.5714285714285714,2.0,9.0,7.0,3
u44,2013-05-13,0.27724449463579903,0.4251082251082251,0.2121212121212121,0.012987012987012986,0.2,0.2121212121212121,8.714285714285714,0.07142857142857142,2.0,11.0,7.0,3
u44,2013-05-20,0.2173913043478261,0.3333333333333333,0.3333333333333333,0.0,0.0,0.3333333333333333,8.2,0.0,0.0,6.0,5.0,3
u44,2013-05-27,0.37747035573122534,0.5787878787878789,0.3333333333333333,0.045454545454545456,0.2,0.3333333333333333,8.0,0.25,2.0,2.0,2.0,3
u44,2013-06-03,,,,,0.0,,,,0.0,,,1
u45,2013-03-25,,,,,0.0,,,,0.0,,,1
u45,2013-04-01,0.32114624505928857,0.49242424242424243,0.08333333333333333,0.3090909090909091,0.1,0.08333333333333333,6.3,1.7,1.0,8.0,5.0,3
u45,2013-04-08,0.3840579710144927,0.5888888888888888,0.05555555555555555,0.3333333333333333,0.2,0.05555555555555555,6.166666666666667,1.8333333333333333,2.0,6.0,3.0,3
u45,2013-04-15,,,0.0,,0.1,0.0,,,1.0,3.0,,2
u45,2013-04-22,,,,,0.2,,,,2.0,,,1
u45,2013-04-29,,,0.2222222222222222,,0.1,0.2222222222222222,,,1.0,3.0,,2
u45,2013-05-06,0.4061264822134387,0.6227272727272727,0.25,0.2727272727272727,0.1,0.25,6.5,1.5,1.0,4.0,1.0,3
u45,2013-05-13,0.6482213438735178,0.9939393939393939,0.6666666666666666,0.22727272727272727,0.1,0.6666666666666666,6.75,1.25,1.0,1.0,2.0,3
u45,2013-05-20,,,0.5555555555555555,,0.0,0.5555555555555555,,,0.0,3.0,,2
u45,2013-05-27,,,,,0.2,,,,2.0,,,1
u45,2013-06-03,,,,,0.0,,,,0.0,,,1
u46,2013-03-25,,,,,0.1,,,,1.0,,,1
u46,2013-04-01,0.5723814229249011,0.8776515151515151,0.3958333333333333,0.38181818181818183,0.1,0.3958333333333333,5.9,2.1,1.0,16.0,10.0,3
u46,2013-04-08,0.7694334650856391,1.1797979797979798,0.5555555555555556,0.42424242424242425,0.2,0.5555555555555556,5.666666666666667,2.3333333333333335,2.0,6.0,3.0,3
u46,2013-04-15,1.1531620553359685,1.7681818181818183,1.0,0.5681818181818182,0.2,1.0,4.875,3.125,2.0,2.0,4.0,3
u46,2013-04-22,0.9249011857707512,1.4181818181818182,1.0,0.3181818181818182,0.1,1.0,6.25,1.75,1.0,1.0,2.0,3
u46,2013-04-29,1.0118577075098814,1.5515151515151513,0.8666666666666666,0.4848484848484848,0.2,0.8666666666666666,5.333333333333333,2.6666666666666665,2.0,5.0,3.0,3
u46,2013-05-06,0.7819499341238473,1.198989898989899,0.4444444444444444,0.45454545454545453,0.3,0.4444444444444444,5.5,2.5,3.0,3.0,1.0,3
u46,2013-05-13,,,,,0.2,,,,2.0,,,1
u46,2013-05-20,,,,,0.0,,,,0.0,,,1
u46,2013-05-27,,,,,0.3,,,,3.0,,,1
u46,2013-06-03,,,,,0.0,,,,0.0,,,1
u47,2013-03-25,0.4397233201581028,0.6742424242424242,0.3333333333333333,0.3409090909090909,0.0,0.3333333333333333,6.125,1.875,0.0,1.0,4.0,3
u47,2013-04-01,0.3616600790513834,0.5545454545454546,0.0,0.45454545454545453,0.1,0.0,5.5,2.5,1.0,1.0,1.0,3
u47,2013-04-08,,,0.5,,0.2,0.5,,,2.0,2.0,,2
u47,2013-04-15,0.393939393939394,0.604040404040404,0.2222222222222222,0.18181818181818182,0.2,0.2222222222222222,7.0,1.0,2.0,3.0,1.0,3
u47,2013-04-22,,,,,0.2,,,,2.0,,,1
u47,2013-04-29,,,0.5555555555555555,,0.2,0.5555555555555555,,,2.0,3.0,,2
u47,2013-05-06,,,,,0.2,,,,2.0,,,1
u47,2013-05-13,,,,,0.2,,,,2.0,,,1
u47,2013-05-20,0.38208168642951257,0.5858585858585859,0.2222222222222222,0.36363636363636365,0.0,0.2222222222222222,6.0,2.0,0.0,3.0,2.0,3
u47,2013-05-27,,,,1.0,0.2,,2.5,5.5,2.0,,1.0,2
u47,2013-06-03,,,,,0.0,,,,0.0,,,1
u49,2013-03-25,1.1528326745718052,1.7676767676767677,0.7222222222222222,0.5454545454545454,0.5,0.7222222222222222,5.0,3.0,5.0,6.0,4.0,3
u49,2013-04-01,1.0299265951439867,1.5792207792207793,0.2727272727272727,0.5064935064935064,0.8,0.2727272727272727,5.214285714285714,2.7857142857142856,8.0,11.0,7.0,3
u49,2013-04-08,1.0276679841897234,1.5757575757575757,0.1,0.5757575757575757,0.9,0.1,4.833333333333333,3.1666666666666665,9.0,10.0,6.0,3
u49,2013-04-15,1.1742424242424243,1.8005050505050504,0.27777777777777773,0.5227272727272727,1.0,0.27777777777777773,5.125,2.875,10.0,6.0,4.0,3
u49,2013-04-22,1.1304347826086958,1.7333333333333334,0.3333333333333333,0.5,0.9,0.3333333333333333,5.25,2.75,9.0,2.0,2.0,3
u49,2013-04-29,0.9393939393939397,1.4404040404040406,0.2222222222222222,0.3181818181818182,0.9,0.2222222222222222,6.25,1.75,9.0,6.0,4.0,3
u49,2013-05-06,0.951251646903821,1.4585858585858587,0.2222222222222222,0.23636363636363636,1.0,0.2222222222222222,7.1,1.3,10.0,6.0,5.0,3
u49,2013-05-13,0.8904573687182382,1.3653679653679653,0.23809523809523808,0.22727272727272727,0.9,0.23809523809523808,7.75,1.25,9.0,7.0,4.0,3
u49,2013-05-20,0.7539525691699605,1.156060606060606,0.08333333333333333,0.2727272727272727,0.8,0.08333333333333333,7.5,1.5,8.0,4.0,2.0,3
u49,2013-05-27,0.8063241106719368,1.2363636363636363,0.3333333333333333,0.30303030303030304,0.6,0.3333333333333333,6.333333333333333,1.6666666666666667,6.0,3.0,3.0,3
u49,2013-06-03,,,,,0.1,,,,1.0,,,1
u50,2013-03-25,,,,,0.0,,,,0.0,,,1
u50,2013-04-01,0.707509881422925,1.084848484848485,0.6666666666666666,0.3181818181818182,0.1,0.6666666666666666,6.25,1.75,1.0,1.0,4.0,3
u50,2013-04-08,0.8616600790513833,1.321212121212121,0.6666666666666666,0.45454545454545453,0.2,0.6666666666666666,5.5,2.5,2.0,1.0,1.0,3
u50,2013-04-15,,,0.6666666666666666,,0.2,0.6666666666666666,,,2.0,2.0,,2
u50,2013-04-22,,,,,0.2,,,,2.0,,,1
u50,2013-04-29,,,,,0.2,,,,2.0,,,1
u50,2013-05-06,,,,,0.2,,,,2.0,,,1
u50,2013-05-13,,,,0.5454545454545454,0.2,,5.0,3.0,2.0,,1.0,2
u50,2013-05-20,,,,,0.0,,,,0.0,,,1
u50,2013-05-27,,,,,0.2,,,,2.0,,,1
u50,2013-06-03,,,,,0.0,,,,0.0,,,1
u51,2013-03-25,0.45454545454545464,0.696969696969697,0.3333333333333333,0.36363636363636365,0.0,0.3333333333333333,6.0,2.0,0.0,1.0,2.0,3
u51,2013-04-01,0.5508187464709204,0.8445887445887446,0.38095238095238093,0.36363636363636365,0.1,0.38095238095238093,6.0,2.0,1.0,7.0,7.0,3
u51,2013-04-08,0.5731225296442688,0.8787878787878787,0.3333333333333333,0.34545454545454546,0.2,0.3333333333333333,6.1,1.9,2.0,6.0,5.0,3
u51,2013-04-15,0.6136363636363635,0.9409090909090908,0.5,0.3409090909090909,0.1,0.5,6.125,1.875,1.0,8.0,4.0,3
u51,2013-04-22,0.525691699604743,0.8060606060606059,0.3333333333333333,0.2727272727272727,0.2,0.3333333333333333,6.5,1.5,2.0,3.0,1.0,3
u51,2013-04-29,0.9611330698287222,1.4737373737373738,0.8888888888888888,0.4848484848484848,0.1,0.8888888888888888,5.333333333333333,2.6666666666666665,1.0,3.0,3.0,3
u51,2013-05-06,0.5790513833992095,0.8878787878787878,0.3333333333333333,0.45454545454545453,0.1,0.3333333333333333,5.5,2.5,1.0,3.0,3.0,3
u51,2013-05-13,,,0.38095238095238093,,0.1,0.38095238095238093,,,1.0,7.0,,2
u51,2013-05-20,0.5006587615283268,0.7676767676767676,0.5555555555555555,0.21212121212121213,0.0,0.5555555555555555,7.166666666666667,1.1666666666666667,0.0,6.0,3.0,3
u51,2013-05-27,,,,0.4727272727272727,0.2,,5.4,2.6,2.0,,5.0,2
u51,2013-06-03,,,,0.18181818181818182,0.0,,7.0,1.0,0.0,,1.0,2
u52,2013-03-25,0.5658761528326746,0.8676767676767676,0.5555555555555555,0.21212121212121213,0.1,0.5555555555555555,6.833333333333333,1.1666666666666667,1.0,3.0,3.0,3
u52,2013-04-01,0.5774044795783926,0.8853535353535352,0.4444444444444444,0.3409090909090909,0.1,0.4444444444444444,6.125,1.875,1.0,9.0,8.0,3
u52,2013-04-08,0.5395256916996047,0.8272727272727273,0.3333333333333333,0.3939393939393939,0.1,0.3333333333333333,5.833333333333333,2.1666666666666665,1.0,7.0,6.0,3
u52,2013-04-15,0.357707509881423,0.5484848484848486,0.16666666666666666,0.18181818181818182,0.2,0.16666666666666666,7.0,1.0,2.0,6.0,3.0,3
u52,2013-04-22,0.8023715415019763,1.2303030303030302,0.6666666666666666,0.36363636363636365,0.2,0.6666666666666666,6.0,2.0,2.0,2.0,1.0,3
u52,2013-04-29,0.5207509881422925,0.7984848484848484,0.41666666666666663,0.18181818181818182,0.2,0.41666666666666663,7.0,1.0,2.0,4.0,1.0,3
u52,2013-05-06,,,,,0.2,,,,2.0,,,1
u52,2013-05-13,1.173913043478261,1.8,0.6,1.0,0.2,0.6,2.5,5.5,2.0,5.0,1.0,3
u52,2013-05-20,,,0.5333333333333333,,0.0,0.5333333333333333,,,0.0,5.0,,2
u52,2013-05-27,,,,,0.3,,,,3.0,,,1
u52,2013-06-03,,,,,0.0,,,,0.0,,,1
u53,2013-03-25,0.49077733860342554,0.7525252525252525,0.38888888888888884,0.36363636363636365,0.0,0.38888888888888884,6.0,2.0,0.0,6.0,4.0,3
u53,2013-04-01,0.5505364201016375,0.8441558441558441,0.42857142857142855,0.41558441558441556,0.0,0.42857142857142855,5.714285714285714,2.2857142857142856,0.0,7.0,7.0,3
u53,2013-04-08,0.5790513833992095,0.8878787878787878,0.3333333333333333,0.45454545454545453,0.1,0.3333333333333333,5.5,2.5,1.0,2.0,5.0,3
u53,2013-04-15,0.6515151515151516,0.998989898989899,0.4444444444444444,0.45454545454545453,0.1,0.4444444444444444,5.5,2.5,1.0,6.0,1.0,3
u53,2013-04-22,0.45059288537549413,0.6909090909090909,0.16666666666666666,0.42424242424242425,0.1,0.16666666666666666,5.666666666666667,2.3333333333333335,1.0,2.0,3.0,3
u53,2013-04-29,0.8003952569169961,1.2272727272727273,0.39999999999999997,0.7272727272727273,0.1,0.39999999999999997,4.0,4.0,1.0,5.0,2.0,3
u53,2013-05-06,0.6383399209486166,0.9787878787878787,0.3333333333333333,0.5454545454545454,0.1,0.3333333333333333,5.0,3.0,1.0,4.0,2.0,3
u53,2013-05-13,0.5592885375494072,0.8575757575757575,0.6666666666666666,0.09090909090909091,0.1,0.6666666666666666,9.0,0.5,1.0,4.0,4.0,3
u53,2013-05-20,0.8695652173913044,1.3333333333333333,0.3333333333333333,1.0,0.0,0.3333333333333333,2.5,5.5,0.0,2.0,1.0,3
u53,2013-05-27,,,,0.36363636363636365,0.1,,6.0,2.0,1.0,,1.0,2
u53,2013-06-03,,,,,0.0,,,,0.0,,,1
u54,2013-03-25,0.6383399209486166,0.9787878787878787,0.3333333333333333,0.5454545454545454,0.1,0.3333333333333333,5.0,3.0,1.0,2.0,3.0,3
u54,2013-04-01,0.7905138339920947,1.212121212121212,0.4666666666666666,0.5454545454545454,0.2,0.4666666666666666,5.0,3.0,2.0,5.0,1.0,3
u54,2013-04-08,0.7094861660079052,1.087878787878788,0.3333333333333333,0.45454545454545453,0.3,0.3333333333333333,5.5,2.5,3.0,5.0,4.0,3
u54,2013-04-15,0.7170619235836628,1.0994949494949495,0.2222222222222222,0.4772727272727273,0.4,0.2222222222222222,5.375,2.625,4.0,3.0,4.0,3
u54,2013-04-22,,,0.6666666666666666,,0.3,0.6666666666666666,,,3.0,1.0,,2
u54,2013-04-29,,,0.6666666666666666,,0.4,0.6666666666666666,,,4.0,2.0,,2
u54,2013-05-06,,,0.16666666666666666,,0.5,0.16666666666666666,,,5.0,2.0,,2
u54,2013-05-13,,,,,0.4,,,,4.0,,,1
u54,2013-05-20,,,,,0.2,,,,2.0,,,1
u54,2013-05-27,,,,,0.3,,,,3.0,,,1
u54,2013-06-03,,,,,0.0,,,,0.0,,,1
u57,2013-03-25,0.21343873517786563,0.32727272727272727,0.0,0.32727272727272727,0.0,0.0,6.2,1.8,0.0,5.0,5.0,3
u57,2013-04-01,0.5296442687747036,0.8121212121212121,0.3333333333333333,0.37878787878787884,0.1,0.3333333333333333,5.916666666666667,2.0833333333333335,1.0,9.0,6.0,3
u57,2013-04-08,0.540513833992095,0.8287878787878789,0.3333333333333333,0.29545454545454547,0.2,0.3333333333333333,6.375,1.625,2.0,13.0,8.0,3
u57,2013-04-15,0.7782169521299956,1.1932659932659933,0.6296296296296295,0.36363636363636365,0.2,0.6296296296296295,6.0,2.0,2.0,9.0,6.0,3
u57,2013-04-22,1.0345849802371543,1.5863636363636362,1.0,0.38636363636363635,0.2,1.0,5.875,2.125,2.0,4.0,4.0,3
u57,2013-04-29,0.9760022586109542,1.4965367965367964,0.8571428571428571,0.4393939393939394,0.2,0.8571428571428571,5.583333333333333,2.4166666666666665,2.0,7.0,6.0,3
u57,2013-05-06,0.4875776397515529,0.7476190476190476,0.38095238095238093,0.16666666666666666,0.2,0.38095238095238093,7.083333333333333,0.9166666666666666,2.0,7.0,6.0,3
u57,2013-05-13,0.4720496894409937,0.7238095238095237,0.38095238095238093,0.14285714285714285,0.2,0.38095238095238093,7.357142857142857,0.7857142857142857,2.0,7.0,7.0,3
u57,2013-05-20,0.4291360813099943,0.6580086580086579,0.3333333333333333,0.3246753246753247,0.0,0.3333333333333333,6.214285714285714,1.7857142857142858,0.0,5.0,7.0,3
u57,2013-05-27,,,,0.6363636363636364,0.2,,5.25,3.5,2.0,,4.0,2
u57,2013-06-03,0.26679841897233203,0.4090909090909091,0.0,0.4090909090909091,0.0,0.0,5.75,2.25,0.0,1.0,2.0,3
u58,2013-03-25,0.3715415019762846,0.5696969696969697,0.26666666666666666,0.30303030303030304,0.0,0.26666666666666666,6.333333333333333,1.6666666666666667,0.0,5.0,3.0,3
u58,2013-04-01,0.497364953886693,0.7626262626262625,0.4444444444444444,0.3181818181818182,0.0,0.4444444444444444,6.25,1.75,0.0,6.0,6.0,3
u58,2013-04-08,0.45023997741389044,0.6903679653679653,0.29166666666666663,0.2987012987012987,0.1,0.29166666666666663,6.357142857142857,1.6428571428571428,1.0,8.0,7.0,3
u58,2013-04-15,0.6744149570236528,1.0341029341029342,0.5185185185185185,0.41558441558441556,0.1,0.5185185185185185,5.714285714285714,2.2857142857142856,1.0,9.0,7.0,3
u58,2013-04-22,0.6176359872012046,0.947041847041847,0.4444444444444444,0.4025974025974026,0.1,0.4444444444444444,5.785714285714286,2.2142857142857144,1.0,6.0,7.0,3
u58,2013-04-29,0.7121212121212122,1.091919191919192,0.5555555555555555,0.43636363636363634,0.1,0.5555555555555555,5.6,2.4,1.0,3.0,5.0,3
u58,2013-05-06,0.673913043478261,1.0333333333333334,0.6,0.3333333333333333,0.1,0.6,6.416666666666667,1.8333333333333333,1.0,5.0,6.0,3
u58,2013-05-13,0.5329380764163373,0.8171717171717171,0.4444444444444444,0.2727272727272727,0.1,0.4444444444444444,6.5,1.5,1.0,6.0,8.0,3
u58,2013-05-20,0.5550065876152832,0.851010101010101,0.5555555555555555,0.29545454545454547,0.0,0.5555555555555555,6.375,1.625,0.0,6.0,4.0,3
u58,2013-05-27,0.5197628458498025,0.796969696969697,0.3333333333333333,0.36363636363636365,0.1,0.3333333333333333,6.0,2.0,1.0,1.0,5.0,3
u58,2013-06-03,,,,,0.0,,,,0.0,,,1
u59,2013-03-25,0.43562543594512904,0.6679590017825312,0.2156862745098039,0.3522727272727273,0.1,0.2156862745098039,6.0625,1.9375,1.0,34.0,8.0,3
u59,2013-04-01,0.7806114980028023,1.1969376302709636,0.2839506172839506,0.512987012987013,0.4,0.2839506172839506,5.178571428571429,2.8214285714285716,4.0,54.0,14.0,3
u59,2013-04-08,0.9591923939750028,1.4707616707616709,0.21621621621621623,0.45454545454545453,0.8,0.21621621621621623,5.5,2.5,8.0,37.0,11.0,3
u59,2013-04-15,1.005928853754941,1.5424242424242425,0.23333333333333334,0.509090909090909,0.8,0.23333333333333334,5.2,2.8,8.0,30.0,5.0,3
u59,2013-04-22,0.8555792034052904,1.3118881118881118,0.21794871794871792,0.3939393939393939,0.7,0.21794871794871792,6.166666666666667,2.1666666666666665,7.0,26.0,3.0,3
u59,2013-04-29,1.0308924485125859,1.5807017543859647,0.2807017543859649,0.6,0.7,0.2807017543859649,4.7,3.3,7.0,19.0,5.0,3
u59,2013-05-06,1.172750523134155,1.7982174688057042,0.392156862745098,0.6060606060606061,0.8,0.392156862745098,4.666666666666667,3.3333333333333335,8.0,17.0,6.0,3
u59,2013-05-13,0.8369565217391305,1.2833333333333332,0.3333333333333333,0.25,0.7,0.3333333333333333,6.75,1.375,7.0,8.0,4.0,3
u59,2013-05-20,0.44894598155467724,0.6883838383838384,0.1111111111111111,0.4772727272727273,0.1,0.1111111111111111,6.0,2.625,1.0,15.0,4.0,3
u59,2013-05-27,0.5365363536719037,0.8226890756302522,0.29411764705882354,0.4285714285714286,0.1,0.29411764705882354,6.214285714285714,2.357142857142857,1.0,17.0,7.0,3
u59,2013-06-03,0.0,0.0,0.0,0.0,0.0,0.0,9.0,0.0,0.0,6.0,1.0,3
