uid,C_mean,C_median,C_max,stress_mean,sleep_loss_mean,deadline_count_mean,observed_weeks,total_weeks,weeks_with_stress,weeks_with_sleep,gpa all,gpa 13s,cs 65
u17,1.0645586297760212,1.158102766798419,1.2509881422924904,0.9343434343434343,3.02,1.0909090909090908,9,11,9,10,3.476,3.333333333,4.0
u49,0.9856484095614532,0.9894598155467722,1.1742424242424243,0.2805266955266955,2.2044047619047618,7.636363636363637,10,11,10,10,3.625,3.777777778,4.0
u46,0.868947628458498,0.8534255599472993,1.1531620553359685,0.7104166666666667,2.4125,1.5454545454545454,6,11,6,6,3.646,1.111111111,4.0
u14,0.8635422548466026,0.8972332015810278,1.0849802371541504,0.711111111111111,2.0269841269841273,2.272727272727273,7,11,8,7,3.293,3.888888889,3.666666667
u27,0.8633399209486166,0.9204545454545454,1.2865612648221345,0.4988095238095238,3.0138888888888893,1.8181818181818181,5,11,7,6,3.719,3.333333333,3.0
u33,0.8602475245697752,0.9565217391304348,1.5,0.5717398070339246,2.604166666666667,2.5454545454545454,9,11,9,10,2.815,2.777777778,4.0
u50,0.7845849802371542,0.7845849802371542,0.8616600790513833,0.6666666666666666,2.4166666666666665,1.3636363636363635,2,11,3,3,,,
u08,0.7719610107100573,0.7727272727272727,1.217391304347826,0.6191713852532565,2.1880952380952383,1.6363636363636365,9,11,9,9,3.705,3.333333333,4.0
u59,0.7330017466996016,0.8369565217391305,1.172750523134155,0.2344141698114866,2.29237012987013,4.7272727272727275,11,11,11,11,3.519,3.555555556,3.666666667
u18,0.7212685864859778,0.7010163749294184,1.2391304347826086,0.5462962962962963,2.9732142857142856,2.1818181818181817,5,11,6,8,3.474,3.333333333,3.333333333
u41,0.7185770750988143,0.658102766798419,1.0790513833992095,0.6428571428571429,1.7333333333333332,1.2727272727272727,5,11,7,5,3.652,3.777777778,4.0
u54,0.7138504611330698,0.7132740447957839,0.7905138339920947,0.40793650793650793,2.78125,2.8181818181818183,4,11,7,4,3.343,3.444444444,4.0
u04,0.7138203986030073,0.7016280820628648,0.9841897233201582,0.636432350718065,2.2976190476190474,0.6363636363636364,6,11,7,7,3.029,3.5,4.0
u12,0.6918407679277245,0.6337285902503293,1.0553359683794468,0.4726190476190476,1.0698412698412698,2.4545454545454546,6,11,8,9,3.245,2.583333333,2.333333333
u16,0.6762038082690257,0.6790733421168204,1.0434782608695654,0.5934151034151034,1.6688690476190478,1.3636363636363635,10,11,10,10,3.373,4.0,4.0
u19,0.6745749419662463,0.7291666666666666,0.9451581027667986,0.4623316498316498,1.6610912698412696,2.4545454545454546,10,11,10,10,3.947,3.777777778,3.333333333
u24,0.6551585491802884,0.7059706597750077,0.7905138339920947,0.5443833943833943,1.818154761904762,1.7272727272727273,6,11,7,6,2.987,3.222222222,3.333333333
u52,0.6482213438735178,0.5658761528326746,1.173913043478261,0.4645833333333333,2.101190476190476,1.4545454545454546,7,11,8,7,2.4,1.0,0.0
u53,0.6211180124223603,0.5790513833992095,0.8695652173913044,0.38835978835978835,2.661904761904762,0.6363636363636364,9,11,9,10,,,
u51,0.5948322510822511,0.5619706380575946,0.9611330698287222,0.4488536155202822,1.9208333333333332,1.0,8,11,9,10,,,
u57,0.5727962858397642,0.5086109542631283,1.0345849802371543,0.42486772486772484,1.9352813852813853,1.3636363636363635,10,11,10,11,3.389,2.666666667,4.0
u58,0.5604939142982621,0.5439723320158103,0.7121212121212122,0.4454629629629629,1.8917857142857144,0.6363636363636364,10,11,10,10,,,
u20,0.5428194993412384,0.5237154150197628,0.758893280632411,0.3333333333333333,2.1944444444444446,1.3636363636363635,3,11,3,3,,,
u31,0.5135046113306984,0.48221343873517786,0.5879446640316206,0.25,2.7416666666666667,1.0909090909090908,3,11,4,3,,,
u03,0.5093167701863355,0.43412384716732544,0.8280632411067195,0.3427128427128427,1.4777777777777779,1.3636363636363635,7,11,7,8,,,
u15,0.5046936758893281,0.4876482213438735,0.6719367588932808,0.39999999999999997,2.0208333333333335,1.1818181818181819,4,11,4,6,2.815,3.333333333,3.666666667
u30,0.49391429826212435,0.46442687747035577,0.7108977978543197,0.16534391534391532,1.833673469387755,2.3636363636363638,6,11,6,7,3.93,3.916666667,4.0
u23,0.4932227193096758,0.49011857707509876,0.6442687747035574,0.3168091168091168,1.7752380952380953,1.0,5,11,6,5,,,
u35,0.4931849551414769,0.49378881987577644,0.6581027667984192,0.37504409171075836,2.251020408163265,1.0,6,11,9,7,,,
u02,0.47809617918313574,0.4944005270092227,0.6492094861660079,0.33095238095238094,1.3476190476190477,1.0909090909090908,6,11,7,7,3.505,4.0,4.0
u01,0.47066629023150763,0.44466403162055335,0.7480237154150198,0.3772108843537415,1.9080952380952383,0.9090909090909091,5,11,7,5,2.863,1.777777778,3.0
u32,0.4594209286025143,0.4440301812424575,0.6370223978919631,0.17734585675762143,1.3854978354978356,2.272727272727273,10,11,10,11,3.826,3.888888889,4.0
u25,0.44631093544137024,0.4426877470355731,0.6646903820816865,0.33888888888888885,1.8,1.0,4,11,4,5,2.765,3.333333333,3.666666667
u45,0.43988801054018445,0.3950922266139657,0.6482213438735178,0.26190476190476186,1.5708333333333333,1.0,4,11,7,4,,,
u34,0.4359903381642512,0.43247694334650866,0.6383399209486166,0.2222222222222222,2.21875,1.0,3,11,4,4,,,
u44,0.43236671406961263,0.4155844155844156,0.6357989836250706,0.31357557052001495,1.0049603174603174,1.3636363636363635,9,11,9,9,,,
u10,0.4215323324018977,0.4250894033502729,0.5727931488801055,0.234997964997965,1.466190476190476,1.6363636363636365,9,11,9,10,3.667,3.777777778,4.0
u07,0.40538805272688333,0.39130434782608703,0.5556182947487296,0.07750410509031198,1.91875,1.8181818181818181,5,11,5,6,3.474,4.0,4.0
u47,0.3943511198945982,0.38801054018445325,0.4397233201581028,0.3055555555555555,2.575,1.3636363636363635,4,11,6,5,,,
u42,0.3800322061191627,0.35617039964866054,0.5276679841897234,0.18465608465608466,2.6,1.0,3,11,7,5,,,
u22,0.3683300395256917,0.366600790513834,0.5,0.1671401515151515,1.119047619047619,1.2727272727272727,6,11,8,7,3.889,3.916666667,4.0
u05,0.32707509881422925,0.32707509881422925,0.32707509881422925,0.08333333333333333,1.75,1.5454545454545454,1,11,1,1,3.679,3.777777778,4.0
u09,0.2503293807641634,0.2503293807641634,0.2503293807641634,0.1111111111111111,1.5,0.6363636363636364,1,11,1,1,3.806,3.777777778,3.666666667
u13,,,,,1.5,1.0,0,11,0,1,,,
